seed	team	player	wins	losses	cmpRnk	cmp	trnRnk	trn	slamRnk	slam	masseyRnk	massey	utrRnk	utr	itaRnk	ita	r2Id	masseyId	utrId
 1	UNC  	Sara Daavettila              	17	 1	  1	99.724	  1	100.000	  5	 99.252	  2	9.144	  8	10.96	  2	64.167	400079	337265	  46642
 1	UNC  	Alexa Graham                 	12	 2	 10	98.645	 13	 96.727	 11	 97.800	 13	8.449	  6	11.07	 41	15.028	411298	337263	  39501
 1	UNC  	Fiona Crawley                	29	 0	 21	97.684	 21	 95.825	 35	 95.649	  7	8.734	 36	10.75	 36	16.886	564453	337044	1609669
 1	UNC  	Makenna Jones                	15	 2	 34	96.683	 29	 95.270	 53	 94.829	 17	8.348	 48	10.65	 32	18.391	419691	337045	1500488
 1	UNC  	Cameron Morra                	15	 6	 40	96.372	 47	 94.377	 32	 95.941	 43	7.984	 36	10.75	 27	20.000	488643	337267	  94694
 1	UNC  	Elizabeth Scotty             	14	 3	 45	95.771	 48	 94.280	 45	 95.127	 36	8.090	 20	10.84	 87	 5.927	520732	337039	  70039
 1	UNC  	Reilly Tran                  	17	 0	 76	91.857	 85	 92.650	103	 92.993	 27	8.232	150	10.21	101	 4.914	564465	337046	2588539
 1	UNC  	Anika Yarlagadda             	13	 1	 88	91.060	 84	 92.680	111	 92.850	 55	7.820	116	10.34	 96	 5.389	510762	337043	  95680
 1	UNC  	Alle Sanford                 	 5	 2	252	74.309	280	 87.542	289	 88.663	232	6.744	220	 9.99	271	 2.103	448680	337041	1872200
 1	UNC  	Kacie Harvey                 	 3	 1	355	65.401	387	 84.747	367	 86.925	334	6.095	260	 9.77	402	 1.485	510761	337038	 223145
 1	UNC  	Sara McClure                 	 0	 1	486	54.565	544	 63.984	417	 84.981	   	     	392	 9.04	   	      	564464	      	  96425
 1	UNC  	Sophia Patel                 	 0	 2	503	53.434	544	 63.984	553	 66.061	433	5.445	413	 8.87	   	      	486925	337040	1620214
 2	TEX  	Lulu Sun                     	20	 2	 11	98.486	 23	 95.666	 31	 95.947	 18	8.339	  1	11.40	 62	 9.341	562075	337206	2031220
 2	TEX  	Charlotte Chavatipon         	26	 1	 16	97.992	 18	 96.352	 29	 95.999	  8	8.658	 11	10.92	 71	 7.865	562071	336664	  96391
 2	TEX  	Anna Turati                  	18	 3	 18	97.763	 28	 95.307	 20	 96.623	 22	8.276	 13	10.91	 35	17.309	459000	337207	  64382
 2	TEX  	Peyton Stearns               	14	 7	 23	97.557	 33	 95.100	 24	 96.484	 33	8.133	  9	10.95	 37	16.379	562074	336655	2588012
 2	TEX  	Kylie Collins                	17	 2	 44	95.857	 50	 94.067	 67	 94.176	 24	8.258	 22	10.83	 69	 8.042	564774	337208	2154945
 2	TEX  	Malaika Rapolu               	25	 2	 74	91.926	 67	 93.133	101	 93.007	 52	7.837	 75	10.46	130	 3.640	562073	336666	 129177
 2	TEX  	Fernanda Labraña             	22	 2	 78	91.686	 59	 93.698	105	 92.987	 66	7.741	 86	10.42	113	 4.276	424273	336661	1742438
 2	TEX  	Marta Perez-Mur              	 9	 2	195	80.274	194	 89.798	200	 90.871	219	6.825	208	10.02	169	 2.887	440885	336662	2587908
 2	TEX  	Tijana Spasojevic            	 1	 0	456	57.275	460	 81.084	513	 79.391	386	5.790	384	 9.10	   	      	486164	341739	 154107
 2	TEX  	Gabby Cusano                 	 1	 7	502	53.502	507	 77.703	496	 80.518	449	5.311	473	 8.14	   	      	513072	336659	1970164
 2	TEX  	Simran Kortikere             	 0	 8	552	49.428	559	 63.701	543	 75.330	524	3.994	511	 7.23	   	      	562072	336668	 104782
 3	UGA  	Katarina Jokic               	25	 1	  4	99.663	  3	 99.747	  3	 99.691	  4	8.888	  3	11.29	  4	60.556	419539	336778	2583619
 3	UGA  	Meg Kowalski                 	23	 2	 20	97.698	 27	 95.382	 33	 95.896	 11	8.502	 33	10.76	 20	23.727	487384	336782	1708886
 3	UGA  	Lea Ma                       	16	 4	 31	96.896	 26	 95.391	 21	 96.606	 30	8.194	 32	10.77	 55	11.138	513316	337324	1905240
 3	UGA  	Marta Gonzalez               	13	 1	 53	94.741	 54	 93.914	 78	 93.766	 34	8.101	 54	10.61	 52	11.706	410824	336775	2687357
 3	UGA  	Morgan Coppoc                	25	 6	 61	93.547	 79	 92.909	 77	 93.774	 61	7.786	 45	10.67	 67	 8.658	398734	336773	1531529
 3	UGA  	Eleni Christofi              	18	 4	171	82.620	179	 90.239	190	 91.087	143	7.230	132	10.29	247	 2.361	397208	336764	  94453
 3	UGA  	Anna Hertel                  	10	 4	236	76.299	175	 90.410	177	 91.385	184	7.035	   	     	249	 2.333	522068	336784	1742422
 3	UGA  	Ariana Arsenault             	 6	 5	279	72.386	292	 87.237	295	 88.522	317	6.240	168	10.16	350	 1.765	561619	336762	1763423
 3	UGA  	Alee Clayton                 	 8	 3	288	70.961	311	 86.907	324	 87.850	305	6.296	323	 9.47	208	 2.534	487383	336779	 113339
 4	UCLA 	Abigail Forbes               	20	 2	  3	99.680	  4	 99.358	  1	100.000	  3	9.019	  4	11.21	  7	46.463	512054	337617	1682354
 4	UCLA 	Jada Hart                    	11	 2	 19	97.761	 17	 96.367	 16	 97.124	 23	8.262	 18	10.87	 50	12.214	413959	338608	2612442
 4	UCLA 	Elysia Bolton                	10	 3	 50	95.165	 44	 94.581	 40	 95.420	 45	7.965	 29	10.78	115	 4.202	489254	337619	  77017
 4	UCLA 	Vivian Wolff                 	11	 6	104	89.323	 90	 92.520	 92	 93.292	 78	7.633	 77	10.45	279	 2.064	564429	338609	  74107
 4	UCLA 	Annette Goulak               	17	 3	111	88.932	108	 91.840	175	 91.415	 73	7.689	 70	10.50	172	 2.879	512056	337679	  76910
 4	UCLA 	Abi Altick                   	 4	 3	160	83.346	200	 89.763	172	 91.463	159	7.151	 61	10.57	384	 1.593	385396	339115	 947384
 4	UCLA 	Alexandra Vagramov           	 9	 5	166	82.952	121	 91.495	161	 91.664	151	7.193	192	10.07	255	 2.239	512057	339117	1912195
 4	UCLA 	Vanessa Ong                  	 5	 1	183	81.485	143	 91.008	219	 90.382	182	7.036	126	10.31	303	 1.951	564428	337620	2062589
 4	UCLA 	Taylor Johnson               	 5	 1	247	74.634	284	 87.468	309	 88.175	199	6.927	214	10.00	281	 2.060	498065	339118	 205639
 5	PEPP 	Jessica Failla               	16	 3	  9	98.665	  9	 97.331	  8	 97.905	 40	8.025	  7	11.03	 21	23.380	405704	337646	1529701
 5	PEPP 	Ashley Lahey                 	11	 4	 24	97.448	 12	 96.772	 18	 97.104	 29	8.197	 24	10.82	 72	 7.797	424436	337681	 260415
 5	PEPP 	Taisya Pachkaleva            	24	 1	 32	96.867	 15	 96.447	 38	 95.621	 38	8.078	 17	10.88	 82	 6.371	564448	337647	 245349
 5	PEPP 	Shiori Fukuda                	17	 4	 57	94.339	 43	 94.594	 46	 94.999	 67	7.725	 43	10.68	102	 4.883	564446	337682	  86312
 5	PEPP 	Lisa Zaar                    	20	 1	 81	91.502	 69	 93.108	140	 92.236	 69	7.707	 61	10.57	109	 4.468	514467	338409	2621757
 5	PEPP 	Lexi Ryngler                 	 3	 5	233	76.513	225	 89.123	218	 90.433	217	6.837	165	10.17	   	      	564447	337684	2668046
 5	PEPP 	Nikki Redelijk               	13	 7	243	74.958	233	 88.778	240	 89.913	254	6.594	214	10.00	324	 1.873	565228	337648	  96353
 5	PEPP 	Astrid Brune Olsen           	 6	 1	265	73.387	366	 85.472	344	 87.434	283	6.441	181	10.11	207	 2.539	514453	341602	2627013
 6	NCST 	Anna Rogers                  	19	 8	 13	98.353	 19	 96.210	 19	 97.092	 28	8.222	 20	10.84	  6	48.188	446522	337001	2564385
 6	NCST 	Alana Smith                  	18	 8	 49	95.280	 65	 93.347	 57	 94.636	 50	7.868	 55	10.60	 23	22.321	486136	336993	2548608
 6	NCST 	Adriana Reami                	18	10	 91	90.452	100	 92.177	 89	 93.334	 85	7.587	 86	10.42	122	 4.000	444430	336992	  41504
 6	NCST 	Abigail Rencheli             	15	 5	126	87.548	151	 90.807	192	 91.039	 95	7.517	143	10.26	 76	 7.116	564363	337002	2103268
 6	NCST 	Jaeda Daniel                 	16	10	146	85.032	160	 90.668	155	 91.832	118	7.333	 79	10.44	325	 1.872	511267	336988	1972909
 6	NCST 	Lana Mavor                   	 6	 0	185	81.359	232	 88.953	245	 89.824	136	7.246	208	10.02	140	 3.429	510773	336999	1033845
 6	NCST 	Lexi Keberle                 	16	 8	210	78.408	207	 89.525	226	 90.171	162	7.129	172	10.15	360	 1.706	511268	336990	2516998
 6	NCST 	Amelia Rajecki               	 6	 5	260	73.881	275	 87.788	269	 89.074	215	6.843	233	 9.93	328	 1.858	564362	337003	1095795
 6	NCST 	Liz Norman                   	 3	 1	323	67.999	323	 86.631	308	 88.180	307	6.291	270	 9.72	   	      	486138	336998	1880716
 7	FSU  	Giulia Pairone               	13	 9	 28	97.096	 36	 94.977	 26	 96.381	 46	7.934	 40	10.70	 12	30.674	564449	337323	  11197
 7	FSU  	Petra Hule                   	16	 3	 92	90.443	 76	 92.922	121	 92.628	 65	7.753	 92	10.41	145	 3.244	417237	337329	2683216
 7	FSU  	Victoria Allen               	15	 5	 97	89.800	 99	 92.250	104	 92.988	 57	7.812	112	10.35	168	 2.897	511618	337326	2514924
 7	FSU  	Emmanuelle Salas             	 7	12	 98	89.569	148	 90.896	128	 92.415	161	7.130	 92	10.41	 44	14.348	485585	337325	  83967
 7	FSU  	Andrea Garcia                	20	 3	133	86.797	162	 90.634	188	 91.097	105	7.457	112	10.35	112	 4.280	408876	337334	 366328
 7	FSU  	Nandini Das                  	14	 8	138	86.029	133	 91.229	123	 92.624	122	7.315	127	10.30	210	 2.522	400527	337328	2058705
 7	FSU  	Anna Arkadianiou             	 4	 5	194	80.354	187	 89.929	173	 91.458	175	7.068	127	10.30	   	      	564846	337327	2611168
 7	FSU  	Alice Amendola               	 2	 3	372	64.492	381	 84.914	393	 86.121	372	5.874	249	 9.84	   	      	521176	337333	2633734
 7	FSU  	Lara Schneider               	 1	 2	491	53.973	411	 83.819	438	 84.050	   	     	   	     	   	      	564847	      	 100342
 8	BAY  	Mel Krywoj                   	19	11	 67	92.594	 80	 92.866	 64	 94.357	103	7.468	 64	10.56	 66	 8.774	509796	336630	2523246
 8	BAY  	Livia Kraus                  	25	 4	 83	91.481	 88	 92.563	 96	 93.108	 63	7.756	 86	10.42	 98	 5.290	423464	336643	 103533
 8	BAY  	Alicia Herrero-Linana        	19	13	128	87.360	136	 91.208	119	 92.690	134	7.249	 86	10.42	173	 2.867	509795	336633	2540860
 8	BAY  	Jessica Hinojosa             	16	15	162	83.228	153	 90.795	156	 91.784	227	6.788	187	10.09	131	 3.618	415776	336646	 393785
 8	BAY  	Angelina Shakhraichuk        	25	12	172	82.543	142	 91.020	163	 91.637	146	7.207	149	10.22	322	 1.881	450932	336641	2624249
 8	BAY  	Paula Baranano               	13	 4	207	79.069	168	 90.514	187	 91.149	115	7.378	   	     	211	 2.519	497948	338980	1919663
 8	BAY  	Audrey Boch-Collins          	17	 3	230	76.587	201	 89.726	191	 91.054	173	7.083	   	     	201	 2.606	562077	336627	2558456
 8	BAY  	Kristina Sorokolet           	19	 6	231	76.544	227	 89.037	238	 89.926	213	6.849	205	10.03	301	 1.953	453617	336638	1972854
 8	BAY  	Anastasia Kharitonova        	 2	 3	458	57.154	458	 81.111	430	 84.421	403	5.665	447	 8.56	   	      	512868	336636	2464042
 8	BAY  	Sara Ziodato                 	 3	 2	471	55.956	429	 82.919	395	 86.037	456	5.174	   	     	   	      	564392	337152	 273212
 8	BAY  	Hannah Pinto                 	 1	 5	520	51.831	522	 76.128	507	 79.950	473	5.002	509	 7.26	   	      	562076	336625	 104807
 8	BAY  	Caroline Kotarski            	 1	 2	541	50.516	513	 77.063	504	 80.062	   	     	   	     	   	      	562078	      	  98433
 9	UCF  	Valeriya Zeleva              	13	 2	 27	97.217	 22	 95.742	 25	 96.410	 20	8.310	 69	10.52	 22	22.658	497367	337581	1440881
 9	UCF  	Rebeka Stolmar               	13	 7	 65	92.957	 78	 92.920	 72	 93.962	 70	7.705	116	10.34	 38	15.815	455036	337582	2089984
 9	UCF  	Ksenia Kuznetsova            	13	 4	109	89.023	115	 91.587	131	 92.367	 93	7.535	 79	10.44	144	 3.330	424148	337583	1710497
 9	UCF  	Evgeniya Levashova           	12	 6	154	83.901	116	 91.582	130	 92.370	126	7.293	   	     	108	 4.483	514393	337809	2778359
 9	UCF  	Jaleesa Leslie               	16	 4	180	81.710	167	 90.562	216	 90.478	112	7.396	212	10.01	239	 2.403	563086	337585	1423269
 9	UCF  	Nandini Sharma               	11	 2	187	81.269	230	 89.019	258	 89.468	157	7.169	150	10.21	165	 2.969	487284	338267	  86257
 9	UCF  	Marie Mattel                 	 7	 4	245	74.873	235	 88.726	241	 89.900	231	6.756	264	 9.74	290	 2.000	497366	337584	1972251
 9	UCF  	Nadja Bay Christians         	 1	 3	401	62.497	325	 86.570	294	 88.546	362	5.926	   	     	   	      	512071	338264	2766629
 9	UCF  	Sara Culbertson              	 1	 1	449	58.485	444	 82.409	451	 83.511	392	5.744	386	 9.07	   	      	487282	337586	  72696
 9	UCF  	Marion Deloziere             	 0	 1	465	56.707	544	 63.984	428	 84.497	   	     	300	 9.61	   	      	563809	      	 279844
10	A&M  	Tatiana Makarova             	26	 6	 33	96.839	 32	 95.126	 37	 95.636	 41	8.002	 26	10.80	 25	21.857	514440	336817	 161923
10	A&M  	Jayci Goldsmith              	16	10	120	87.695	114	 91.649	 90	 93.327	137	7.241	127	10.30	158	 3.031	489406	336979	  96545
10	A&M  	Katya Townsend               	20	10	129	87.330	140	 91.130	133	 92.366	142	7.231	 98	10.39	126	 3.706	489407	336833	  98367
10	A&M  	Renee McBryde                	17	 5	202	79.532	197	 89.785	214	 90.534	189	7.005	196	10.06	230	 2.436	489405	336981	 137388
10	A&M  	Dorthea Faa-Hviding          	14	 9	223	77.196	209	 89.524	211	 90.635	216	6.841	198	10.05	327	 1.866	405619	336984	1873416
10	A&M  	Riley McQuaid                	17	 9	246	74.747	262	 88.002	256	 89.476	267	6.513	214	10.00	268	 2.123	432087	336821	  76891
10	A&M  	Jessica Anzo                 	10	 6	256	74.177	256	 88.197	282	 88.783	228	6.784	214	10.00	326	 1.867	489468	336836	  76940
10	A&M  	Lucia Quitero                	 3	 3	337	67.027	253	 88.239	252	 89.668	285	6.429	   	     	   	      	497310	336816	1871510
10	A&M  	Isa Di Laura                 	 5	 2	424	60.513	448	 81.834	435	 84.205	426	5.490	413	 8.87	280	 2.062	564259	336985	2095691
10	A&M  	Elise Robbins                	 6	 3	439	59.238	476	 79.779	476	 82.008	487	4.872	470	 8.21	217	 2.474	562573	336829	 104523
11	FLA  	McCartney Kessler            	17	 2	  7	99.006	 10	 97.045	  9	 97.904	  9	8.567	 15	10.89	  8	45.577	421536	336945	 251050
11	FLA  	Layne Sleeth                 	 9	 1	 85	91.301	 83	 92.713	 81	 93.701	 19	8.332	   	     	 74	 7.721	511900	337810	2646671
11	FLA  	Ida Jarlskog                 	 9	 4	 95	90.012	 96	 92.361	107	 92.934	101	7.470	103	10.38	 93	 5.664	489049	337273	  86275
11	FLA  	Marlee Zein                  	10	 9	100	89.559	104	 92.093	 94	 93.216	147	7.206	127	10.30	 68	 8.249	489050	336758	2121868
11	FLA  	Sydney Berlin                	18	 5	190	80.949	189	 89.851	225	 90.251	150	7.198	178	10.14	221	 2.473	497400	336768	 206869
11	FLA  	Sara Dahlstrom               	 9	12	218	77.829	245	 88.420	236	 90.003	280	6.447	233	 9.93	142	 3.395	561858	336765	1428869
11	FLA  	Amber McGinnis               	 1	 8	492	53.961	490	 78.634	491	 81.061	497	4.683	425	 8.78	   	      	564248	337278	1784785
12	LSU  	Taylor Bridges               	14	11	 86	91.099	 94	 92.459	 76	 93.783	124	7.301	119	10.33	 53	11.612	486239	336654	 182253
12	LSU  	Paris Corley                 	19	 4	 90	90.656	 64	 93.356	 80	 93.703	 44	7.971	   	     	 60	 9.834	486238	336647	1784621
12	LSU  	Safiya Carrington            	10	11	137	86.323	129	 91.354	115	 92.826	192	6.981	140	10.27	120	 4.095	511368	336657	2092219
12	LSU  	Maggie Cubitt                	 8	 4	150	84.629	146	 90.900	167	 91.522	127	7.289	103	10.38	269	 2.111	511369	336644	 371687
12	LSU  	Nina Geissler                	15	 7	225	77.013	219	 89.241	229	 90.141	198	6.933	226	 9.96	286	 2.014	511370	336671	1711837
12	LSU  	Eden Richardson              	 9	12	332	67.378	255	 88.217	239	 89.918	284	6.437	   	     	405	 1.473	445332	336822	1711831
12	LSU  	Samantha Buyckx              	11	 6	348	65.961	318	 86.746	321	 87.918	286	6.426	   	     	297	 1.960	562070	336652	 100219
12	LSU  	Anna Loughlan                	 2	 2	395	62.990	313	 86.875	306	 88.182	338	6.074	   	     	   	      	486237	336825	 200417
13	GT   	Kenya Jones                  	19	 9	 15	98.287	 15	 96.447	 14	 97.365	 39	8.057	 36	10.75	  5	50.312	419665	337134	  46803
13	GT   	Victoria Flores              	19	 6	 37	96.498	 52	 93.981	 49	 94.921	 37	8.080	 43	10.68	 13	29.631	407152	337132	  72795
13	GT   	Ava Hrastar                  	13	 9	123	87.635	161	 90.645	151	 91.902	111	7.406	119	10.33	 90	 5.806	564715	337137	2062207
13	GT   	Carol Lee                    	14	12	163	83.102	224	 89.129	224	 90.261	158	7.162	158	10.19	110	 4.330	564717	337136	2687942
13	GT   	Gia Cohen                    	 9	16	213	78.219	223	 89.150	197	 90.966	289	6.419	270	 9.72	143	 3.383	497851	337144	  96587
13	GT   	Mahak Jain                   	18	 8	248	74.617	238	 88.669	270	 89.035	212	6.853	244	 9.86	317	 1.890	564716	337135	1616216
13	GT   	Rosie Garcia Gross           	 5	11	362	65.115	353	 85.758	343	 87.441	346	6.043	303	 9.59	   	      	513566	337797	 117936
13	GT   	Monika Dedaj                 	 4	 4	413	61.721	379	 84.974	382	 86.407	369	5.892	378	 9.12	   	      	520776	337130	 274464
13	GT   	Ruth Marsh                   	 1	 4	437	59.243	417	 83.532	405	 85.764	441	5.400	371	 9.16	   	      	564714	337138	  95662
13	GT   	Sophia Sassoli               	 1	 1	536	50.805	542	 67.559	552	 67.674	479	4.937	494	 7.82	   	      	513568	337128	  95657
14	UVA  	Emma Navarro                 	19	 1	  2	99.690	  2	 99.998	  4	 99.393	  6	8.868	  2	11.35	  3	62.958	564450	337529	2517427
14	UVA  	Natasha Subhash              	16	 6	 26	97.413	 37	 94.925	 34	 95.727	 31	8.190	 33	10.76	  9	40.000	511574	337047	2511980
14	UVA  	Rosie Johanson               	17	 6	 63	93.247	 75	 92.929	 79	 93.760	 56	7.813	 51	10.63	 83	 6.368	419112	337035	1712016
14	UVA  	Vivian Glozman               	 8	 4	222	77.258	248	 88.322	270	 89.035	186	7.014	264	 9.74	185	 2.765	497882	337034	1231359
14	UVA  	Hibah Shaikh                 	10	10	224	77.075	203	 89.633	201	 90.869	209	6.869	198	10.05	375	 1.632	564584	337036	 115463
14	UVA  	Sofia Munera                 	 9	 8	262	73.791	263	 87.997	249	 89.749	226	6.801	254	 9.81	329	 1.854	489689	337037	2531990
14	UVA  	Amber ODell                  	10	10	321	68.115	297	 87.101	311	 88.107	280	6.447	331	 9.44	385	 1.587	489690	337033	2533603
15	OSU  	Irina Cantos Siemers         	20	 6	 14	98.311	 14	 96.520	 15	 97.225	 14	8.387	 26	10.80	 18	24.340	511553	337123	2523252
15	OSU  	Isabelle Boulais             	12	 7	101	89.492	102	 92.136	 87	 93.467	 54	7.823	135	10.28	198	 2.649	490278	338602	2524101
15	OSU  	Luna Dormet                  	21	 1	134	86.710	144	 90.954	180	 91.327	 79	7.617	162	10.18	125	 3.779	490409	337124	 362848
15	OSU  	Lucia Marzal Martinez        	24	 3	142	85.879	137	 91.205	166	 91.535	116	7.359	140	10.27	152	 3.077	521208	337120	2653420
15	OSU  	Lisa Hofbauer                	15	 9	151	84.537	166	 90.567	144	 92.136	170	7.096	 98	10.39	222	 2.469	564174	337114	1711836
15	OSU  	Kolie Allen                  	10	14	261	73.842	257	 88.190	195	 91.006	258	6.576	246	 9.85	385	 1.587	490277	337093	2514416
15	OSU  	Tanisha Kashyap              	 5	 3	361	65.169	397	 84.260	388	 86.202	322	6.167	323	 9.47	320	 1.882	564175	337116	2067296
15	OSU  	Madeline Atway               	 5	 3	374	64.410	389	 84.671	378	 86.536	301	6.332	317	 9.50	   	      	564473	337110	1359986
15	OSU  	Lina Ali                     	 2	 2	474	55.733	502	 77.975	421	 84.818	375	5.852	   	     	   	      	564173	337104	2712358
15	OSU  	Kathleen Jones               	 1	 2	488	54.398	469	 80.531	469	 82.307	495	4.697	445	 8.57	   	      	490279	337100	1623665
16	CAL  	Haley Giavara                	12	12	 52	95.133	 34	 95.037	 30	 95.963	 90	7.571	 96	10.40	 31	18.438	513644	337618	  96498
16	CAL  	Julia Rosenqvist             	14	 8	 99	89.564	 89	 92.546	 82	 93.689	120	7.323	 55	10.60	257	 2.225	447001	337313	2558835
16	CAL  	Anna Bright                  	20	 4	139	86.027	127	 91.379	217	 90.450	106	7.454	103	10.38	177	 2.789	392716	337319	  73705
16	CAL  	Valentina Ivanov             	11	 8	141	85.917	111	 91.744	109	 92.888	187	7.013	 83	10.43	295	 1.970	513643	337312	2137952
16	CAL  	Jada Bui                     	11	 7	192	80.703	172	 90.495	164	 91.547	191	7.001	165	10.17	301	 1.953	564962	337315	1551744
16	CAL  	Hannah Viller Moeller        	16	 8	200	79.591	177	 90.273	202	 90.824	176	7.064	165	10.17	341	 1.791	564963	337317	1971220
16	CAL  	Erin Richardson              	 3	 3	436	59.332	436	 82.661	446	 83.731	442	5.371	318	 9.49	   	      	513642	337321	 219057
16	CAL  	Cami Brown                   	 1	 2	468	56.527	442	 82.501	442	 83.846	   	     	365	 9.23	   	      	564964	      	 100772
R2	AUB  	Carolyn Ansari               	16	10	 77	91.761	103	 92.099	 95	 93.122	 84	7.597	 66	10.53	 70	 7.965	514700	336753	 252050
R2	AUB  	Selin Ovunc                  	13	10	 84	91.453	 68	 93.117	 66	 94.314	119	7.330	140	10.27	 61	 9.632	514698	336735	1551752
R2	AUB  	Georgie Axon                 	23	 7	124	87.598	119	 91.534	146	 92.131	 85	7.587	 86	10.42	231	 2.431	387150	336731	 365692
R2	AUB  	Yu Chen                      	12	15	153	83.972	152	 90.800	129	 92.376	220	6.824	183	10.10	134	 3.535	497768	336733	1635589
R2	AUB  	Taylor Russo                 	12	 4	199	79.658	195	 89.795	227	 90.166	207	6.884	198	10.05	192	 2.710	447736	336741	1970275
R2	AUB  	Adeline Flach                	15	11	306	69.199	278	 87.618	300	 88.315	288	6.422	290	 9.65	398	 1.496	561548	336934	 100267
R2	AUB  	Shir Azran                   	 2	 7	391	63.228	362	 85.515	359	 87.072	396	5.724	321	 9.48	   	      	561547	336739	  55431
R2	AUB  	Anastasia Astakhova          	 2	 6	422	60.719	385	 84.841	398	 86.021	412	5.606	364	 9.24	   	      	561546	340826	1307511
R2	AZST 	Ilze Hattingh                	12	 7	 73	91.999	 62	 93.418	 48	 94.938	107	7.446	132	10.29	 78	 6.860	414211	337025	  28184
R2	AZST 	Lauryn John-Baptiste         	11	 6	147	85.017	126	 91.381	125	 92.540	169	7.113	155	10.20	183	 2.779	419134	337637	2557956
R2	AZST 	Sammi Hampton                	 7	 8	174	82.139	159	 90.670	112	 92.847	190	7.002	135	10.28	398	 1.496	413324	337524	1887484
R2	AZST 	Giulia Morlet                	10	 6	182	81.607	186	 89.960	181	 91.322	167	7.120	144	10.25	260	 2.201	564468	337031	 244395
R2	AZST 	Marianna Argyrokastriti      	15	 6	189	81.096	182	 90.166	209	 90.641	151	7.193	158	10.19	266	 2.124	563705	337029	 281845
R2	AZST 	Cali Jankowski               	 6	 2	229	76.676	312	 86.905	360	 87.063	238	6.704	119	10.33	217	 2.474	489644	337024	1252161
R2	AZST 	Domenika Turkovic            	10	 7	283	71.617	281	 87.538	304	 88.187	261	6.569	270	 9.72	306	 1.939	563706	337027	 203602
R2	AZST 	Tereza Kolarova              	 4	 2	360	65.223	352	 85.760	370	 86.869	304	6.298	352	 9.33	365	 1.691	422893	337023	  68994
R2	AZST 	Sasa Klanecek                	 1	 0	518	51.982	524	 75.934	534	 77.180	   	     	419	 8.83	   	      	422319	      	  75262
R2	DUKE 	Georgia Drummy               	20	 4	 25	97.417	 42	 94.618	 36	 95.642	 16	8.363	 25	10.81	 19	24.144	564359	336987	 114630
R2	DUKE 	Meible Chi                   	24	 3	 47	95.518	 51	 94.020	 62	 94.364	 26	8.251	 55	10.60	 40	15.198	396854	336994	 926491
R2	DUKE 	Chloe Beck                   	19	 4	 48	95.343	 58	 93.744	 55	 94.719	 32	8.145	 55	10.60	 39	15.347	514741	336991	  95651
R2	DUKE 	Kelly Chen                   	11	12	 59	94.293	 55	 93.846	 41	 95.413	 83	7.599	 66	10.53	 49	12.424	396686	336995	  50623
R2	DUKE 	Margaryta Bilokin            	14	11	186	81.324	214	 89.349	206	 90.694	202	6.920	135	10.28	189	 2.719	497015	336989	 179984
R2	DUKE 	Karolina Berankova           	11	13	370	64.663	340	 86.099	358	 87.123	332	6.113	335	 9.41	   	      	564360	336986	 182570
R2	DUKE 	Ema Lazic                    	 2	 3	384	63.634	375	 85.049	354	 87.212	327	6.142	360	 9.27	   	      	425392	336996	 403434
R2	DUKE 	Hannah Zhao                  	 2	 7	434	59.570	437	 82.651	418	 84.972	407	5.634	357	 9.28	   	      	466192	337000	 226125
R2	MIA  	Estela Perez-Somarriba       	19	 2	  5	99.610	  6	 98.556	  6	 98.973	  5	8.876	  5	11.11	  1	69.452	440887	337439	 150205
R2	MIA  	Isabella Pfennig             	17	 5	 43	95.997	 56	 93.838	 60	 94.371	 51	7.866	 60	10.58	 10	32.524	564946	337447	1972317
R2	MIA  	Diana Khodan                 	13	 8	214	78.170	207	 89.525	237	 89.993	156	7.173	205	10.03	316	 1.899	521317	337449	 260989
R2	MIA  	Maya Tahan                   	14	 8	221	77.553	229	 89.021	246	 89.817	193	6.972	208	10.02	252	 2.263	521316	337443	1972195
R2	MIA  	Florencia Urrutia            	12	 9	226	76.865	215	 89.345	228	 90.155	203	6.919	222	 9.98	300	 1.959	521318	337445	 248735
R2	MIA  	Daevenia Achong              	 7	12	239	75.809	222	 89.154	188	 91.097	250	6.620	198	10.05	401	 1.487	496485	337808	1712029
R2	MIA  	Selma Cadar                  	 0	 2	410	61.835	410	 83.914	382	 86.407	365	5.914	348	 9.35	   	      	509855	337442	1711774
R2	MIA  	Nada Dimovska                	 0	 2	461	56.960	550	 63.983	450	 83.576	425	5.494	345	 9.37	   	      	509854	339451	 616149
R2	MICH 	Kari Miller                  	17	 4	 30	96.930	 30	 95.238	 23	 96.506	 21	8.294	 33	10.76	 57	10.657	564380	337091	  98432
R2	MICH 	Chiara Lommer                	16	 6	 80	91.523	 66	 93.283	 61	 94.368	 64	7.755	 79	10.44	215	 2.494	427507	337112	  72074
R2	MICH 	Gala Mesochoritou            	17	 0	117	88.191	123	 91.483	186	 91.238	 58	7.798	168	10.16	103	 4.871	564385	337102	2688839
R2	MICH 	Bella Lorenzini              	 7	 0	143	85.527	204	 89.571	208	 90.654	 47	7.930	183	10.10	174	 2.857	427820	337115	 773165
R2	MICH 	Jaedan Brown                 	17	 7	148	84.897	155	 90.760	153	 91.871	145	7.210	116	10.34	197	 2.655	564381	337095	  95681
R2	MICH 	Alyvia Jones                 	 8	 6	197	80.183	199	 89.774	183	 91.293	162	7.129	187	10.09	277	 2.085	419567	337119	  76994
R2	MICH 	Andrea Cerdan                	13	10	204	79.474	193	 89.799	162	 91.652	178	7.047	192	10.07	341	 1.791	510627	337106	 224544
R2	MICH 	Nicole Hammond               	 5	 3	331	67.458	371	 85.183	365	 87.009	295	6.352	290	 9.65	315	 1.900	510628	337109	1618807
R2	MICH 	Merri Kelly                  	 6	 2	342	66.209	400	 84.122	394	 86.091	351	6.019	367	 9.19	217	 2.474	564382	337098	2563240
R2	MICH 	Anca Craciun                 	 0	 2	514	52.143	557	 63.930	496	 80.518	471	5.041	474	 8.13	   	      	487211	337122	 215737
R2	MISS 	Sabina Machalova             	15	10	 55	94.580	 63	 93.364	 47	 94.956	 99	7.478	 55	10.60	 29	19.631	428629	336745	2170423
R2	MISS 	Tiphanie Fiquet              	15	 8	 71	92.072	 93	 92.474	 84	 93.643	110	7.414	 45	10.67	 81	 6.488	513436	336747	 202352
R2	MISS 	Tereza Janatova              	11	 5	125	87.555	141	 91.078	135	 92.336	140	7.234	112	10.35	100	 4.986	418519	337133	1890094
R2	MISS 	Anna Vrbenska                	10	 4	177	81.871	185	 90.019	215	 90.517	131	7.265	162	10.18	232	 2.423	461316	337365	  54344
R2	MISS 	Reka Zadori                  	13	10	285	71.539	287	 87.399	288	 88.688	264	6.555	220	 9.99	389	 1.553	562104	336749	1725664
R2	MISS 	Elysia Pool                  	 3	 3	295	70.430	307	 86.961	273	 89.004	275	6.477	241	 9.88	   	      	562105	336752	 278257
R2	MISS 	Lillian Gabrielsen           	 9	10	317	68.434	303	 87.048	303	 88.199	329	6.132	264	 9.74	393	 1.532	562107	336751	1695237
R2	MISS 	Alexa Bortles                	 3	10	388	63.383	359	 85.626	328	 87.790	397	5.717	346	 9.36	   	      	391673	336744	  52095
R2	MISS 	Kelsey Mize                  	 3	10	435	59.569	409	 83.951	402	 85.901	446	5.340	362	 9.26	   	      	521390	336755	1762843
R2	MISS 	Eesha Gudiseva               	 2	 1	504	53.399	464	 80.931	457	 82.955	   	     	476	 8.12	   	      	562106	      	 100087
R2	MISS 	Grace Anne Jones             	 0	 1	533	50.965	544	 63.984	555	 66.060	494	4.704	467	 8.28	   	      	485316	336756	 100207
R2	NW   	Maria Shusharina             	10	14	 82	91.499	 77	 92.921	 56	 94.664	 91	7.545	 92	10.41	123	 3.923	564566	337118	 270797
R2	NW   	Clarissa Hand                	15	 8	114	88.357	112	 91.729	102	 92.995	114	7.382	158	10.19	104	 4.820	486604	337094	  77519
R2	NW   	Julie Byrne                  	12	11	167	82.913	157	 90.721	 99	 93.100	132	7.261	183	10.10	388	 1.557	394328	337121	1712040
R2	NW   	Briana Crowley               	17	 8	191	80.888	191	 89.828	179	 91.350	149	7.204	162	10.18	309	 1.926	513284	337096	2105431
R2	NW   	Christina Hand               	12	 5	268	73.139	326	 86.562	312	 88.056	242	6.660	263	 9.75	216	 2.479	513285	337103	2129589
R2	NW   	Caroline Pozo                	13	 8	280	72.197	266	 87.977	262	 89.316	235	6.732	289	 9.67	351	 1.757	442770	337107	1711925
R2	NW   	Hannah McColgan              	 6	 5	315	68.488	356	 85.691	338	 87.559	263	6.566	304	 9.58	323	 1.874	486608	337111	1711832
R2	NW   	Inci Ogut                    	 0	 1	505	53.392	551	 63.982	556	 66.059	424	5.499	416	 8.85	   	      	438075	337101	2564971
R2	NW   	Zoe Spence                   	 0	 2	545	50.114	554	 63.974	558	 66.051	   	     	459	 8.42	   	      	564564	      	2687953
R2	ODU  	Yulia Starodubsteva          	11	 2	 89	90.939	105	 92.076	108	 92.905	 96	7.515	110	10.36	 51	11.963	454355	338002	2559746
R2	ODU  	Holly Hutchinson             	 8	 9	 93	90.239	 91	 92.493	 51	 94.872	134	7.249	150	10.21	 95	 5.397	417525	337363	2095027
R2	ODU  	Tatsiana Sasnouskaya         	14	 2	106	89.219	131	 91.298	131	 92.367	 75	7.657	155	10.20	 73	 7.777	521178	337367	 276270
R2	ODU  	Alexandra Viktorovich        	 7	 5	298	70.086	348	 85.796	346	 87.406	321	6.188	254	 9.81	244	 2.384	515766	337528	1638771
R2	ODU  	Brooke Pilkington            	 7	 5	301	69.600	320	 86.684	320	 87.922	270	6.503	277	 9.71	339	 1.804	492332	337368	  33339
R2	ODU  	Alesya Yakubovich            	 7	 9	308	68.991	293	 87.229	287	 88.698	272	6.490	308	 9.56	   	      	497554	337366	 203616
R2	ODU  	Shahar Biran                 	 4	 4	411	61.822	374	 85.051	377	 86.548	370	5.889	382	 9.11	   	      	515765	337364	  89951
R2	OKLA 	Dana Guzman                  	19	 2	 41	96.306	 46	 94.512	 50	 94.904	 25	8.257	 19	10.85	 63	 9.211	564055	337158	 490206
R2	OKLA 	Carmen Corley                	17	15	 79	91.569	 95	 92.372	 73	 93.916	100	7.475	 96	10.40	 64	 9.203	521320	336650	1430009
R2	OKLA 	Ivana Corley                 	20	13	 96	89.807	118	 91.554	121	 92.628	130	7.274	 77	10.45	 77	 6.900	490901	336653	  72048
R2	OKLA 	Martina Cappuro              	12	 8	158	83.439	171	 90.502	152	 91.897	113	7.391	127	10.30	334	 1.844	489368	337155	1898429
R2	OKLA 	Marcelina Podlinksa          	13	 6	176	81.991	206	 89.551	220	 90.355	168	7.116	179	10.12	139	 3.477	511015	337159	1713429
R2	OKLA 	Kianah Motosono              	17	15	277	72.501	240	 88.607	265	 89.273	260	6.573	257	 9.80	370	 1.652	490922	336651	 139966
R2	OKLA 	Camila Romero                	 1	 1	353	65.471	365	 85.476	314	 88.032	316	6.242	333	 9.43	   	      	446762	339644	2512314
R2	SCAR 	Mia Horvit                   	11	10	 51	95.135	 61	 93.442	 43	 95.287	 77	7.644	 45	10.67	 30	18.779	416702	336842	  41792
R2	SCAR 	Megan Davies                 	13	 8	 70	92.253	 86	 92.645	 88	 93.423	 88	7.576	 71	10.48	 59	10.261	400669	336843	 981292
R2	SCAR 	Emma Shelton                 	13	12	113	88.742	135	 91.212	126	 92.517	129	7.278	103	10.38	 80	 6.554	513315	336844	  99350
R2	SCAR 	Silvia Chinellato            	12	12	169	82.812	170	 90.504	171	 91.470	160	7.147	144	10.25	224	 2.468	396955	336840	  66301
R2	SCAR 	Allie Gretkowski             	 7	13	303	69.473	286	 87.467	284	 88.759	326	6.144	246	 9.85	   	      	564249	337161	1905349
R2	SCAR 	Ana Luiza Cruz               	 5	 7	358	65.270	332	 86.437	349	 87.300	307	6.291	349	 9.34	   	      	513311	337162	1618840
R2	SCAR 	Elise Mills                  	 3	 9	397	62.906	384	 84.885	369	 86.876	410	5.615	297	 9.62	   	      	513314	336845	 920935
R2	SCAR 	Gabriela Martinez Asensi     	 1	 6	493	53.956	454	 81.357	462	 82.570	460	5.152	   	     	   	      	513313	336846	2606629
R2	SCAR 	Corina Spasojevic            	 0	 5	507	53.182	544	 63.984	459	 82.781	420	5.538	   	     	   	      	561915	336839	2532130
R2	SCAR 	Lindsay Tulenko              	 0	 5	522	51.619	556	 63.948	528	 78.130	450	5.301	493	 7.83	   	      	561913	336841	 121813
R2	SCAR 	Kendall Couch                	 0	 2	537	50.710	555	 63.964	559	 66.050	481	4.914	479	 8.08	   	      	513310	336947	1652218
R2	STAN 	Michaela Gordon              	10	 7	 42	96.233	 38	 94.848	 22	 96.563	 92	7.539	 29	10.78	 34	17.676	411023	339967	2436066
R2	STAN 	Angelica Blake               	 7	 3	 54	94.727	 39	 94.810	 52	 94.846	 74	7.685	 28	10.79	 97	 5.371	512400	341387	1708888
R2	STAN 	Sara Choy                    	13	 4	149	84.864	156	 90.757	176	 91.398	121	7.317	 98	10.39	244	 2.384	491827	339973	2589964
R2	STAN 	Emily Arbuthnott             	 8	 8	156	83.772	132	 91.247	120	 92.633	205	6.906	109	10.37	318	 1.885	386389	340264	2696401
R2	STAN 	Ana Geller                   	 8	 4	165	83.004	173	 90.440	158	 91.741	218	6.831	119	10.33	200	 2.618	567857	339971	 293355
R2	STAN 	Emma Higuchi                 	16	 3	178	81.795	211	 89.479	232	 90.055	144	7.224	147	10.23	193	 2.679	415584	339969	  45820
R2	STAN 	Niluka Madurawe              	 5	 1	253	74.250	277	 87.666	316	 88.009	251	6.618	226	 9.96	228	 2.443	491828	340265	  66917
R2	STAN 	Janice Shin                  	 6	 2	259	73.949	270	 87.910	274	 88.976	266	6.521	281	 9.70	217	 2.474	451437	339975	 932718
R2	STAN 	India Houghton               	 3	 0	275	72.589	254	 88.220	293	 88.569	   	     	112	10.35	347	 1.771	567858	      	1719842
R2	TENN 	Rebeka Mertena               	15	15	105	89.315	128	 91.376	114	 92.831	148	7.205	 86	10.42	 75	 7.452	497199	336748	 192701
R2	TENN 	Carly Briggs                 	17	15	108	89.056	113	 91.680	106	 92.962	140	7.234	144	10.25	 65	 8.887	521055	336746	  96464
R2	TENN 	Daria Kuczer                 	26	 8	110	89.011	116	 91.582	157	 91.760	 79	7.617	 79	10.44	141	 3.407	561887	336754	  87284
R2	TENN 	Eleonora Molinaro            	 3	10	144	85.470	139	 91.169	110	 92.855	222	6.822	203	10.04	 94	 5.458	561885	339024	 158276
R2	TENN 	Johanna Silva                	13	10	212	78.290	218	 89.290	222	 90.289	174	7.078	172	10.15	333	 1.846	451882	336743	  58352
R2	TENN 	Tenika McGiffin              	22	11	215	78.094	210	 89.519	193	 91.023	196	6.946	168	10.16	378	 1.611	431615	336737	 109229
R2	TENN 	Esther Adeshina              	 8	 6	318	68.433	317	 86.781	310	 88.120	333	6.112	308	 9.56	311	 1.924	561882	336742	 221210
R2	TENN 	Callie Creath                	 9	 8	329	67.569	331	 86.447	332	 87.660	328	6.141	264	 9.74	377	 1.623	516316	336750	  96550
R2	TENN 	Julie Ball                   	 2	 1	386	63.502	396	 84.315	376	 86.564	375	5.852	285	 9.69	   	      	516317	336997	1712438
R2	TTU  	Margarita Skriabina          	19	 2	 62	93.276	 70	 93.083	 97	 93.106	 42	7.998	 61	10.57	 79	 6.635	515922	337012	1880726
R2	TTU  	Lisa Mays                    	12	 9	102	89.382	106	 91.899	 68	 94.076	128	7.284	110	10.36	133	 3.545	515909	337010	1701918
R2	TTU  	Kaitlin Staines              	10	13	159	83.385	164	 90.593	143	 92.142	238	6.704	212	10.01	107	 4.659	561654	336807	2540302
R2	TTU  	Nell Miller                  	18	11	168	82.873	176	 90.318	160	 91.676	178	7.047	150	10.21	196	 2.656	485226	336806	1033847
R2	TTU  	Olivia Peet                  	13	 7	206	79.070	205	 89.556	213	 90.554	177	7.057	183	10.10	284	 2.033	485229	337014	 219031
R2	TTU  	Kailey Evans                 	 5	 3	249	74.456	264	 87.982	244	 89.838	221	6.823	226	 9.96	338	 1.810	562250	336804	 154361
R2	TTU  	Metka Komac                  	13	 6	269	73.118	250	 88.275	280	 88.821	236	6.719	290	 9.65	293	 1.980	564407	337013	 276743
R2	TTU  	Bojana Marinkov              	 4	 6	351	65.497	350	 85.772	351	 87.265	348	6.030	281	 9.70	   	      	520627	337015	1710715
R2	TTU  	Olivia Mikkelson             	 3	 1	467	56.691	394	 84.411	337	 87.589	   	     	   	     	   	      	561653	      	2690672
R2	TTU  	Camryn Stepp                 	 2	 5	506	53.384	482	 79.294	485	 81.664	482	4.913	480	 8.07	   	      	561655	336805	 371582
R2	UK   	Akvilė Paražinskaitė         	20	11	 58	94.301	 57	 93.774	 58	 94.585	 89	7.573	 73	10.47	 28	19.849	439682	336783	1885635
R2	UK   	Lesedi Jacobs                	13	 8	115	88.257	120	 91.503	135	 92.336	117	7.344	119	10.33	 99	 4.996	418303	336771	  53800
R2	UK   	Carlota Molina Megias        	13	13	198	79.703	183	 90.165	168	 91.520	230	6.757	203	10.04	240	 2.400	511330	336759	 199156
R2	UK   	Salsa Aher                   	 9	 3	291	70.854	333	 86.348	355	 87.183	324	6.163	264	 9.74	208	 2.534	561992	336787	 260998
R2	UK   	Carla Girbau                 	12	15	309	68.974	291	 87.255	279	 88.897	300	6.336	290	 9.65	   	      	511331	336785	2095865
R2	UK   	Elizabeth Stevens            	 6	15	327	67.574	304	 86.982	299	 88.369	340	6.061	285	 9.69	   	      	561996	336761	  96667
R2	UK   	Ana Tkachenko                	 2	 4	350	65.556	344	 85.984	339	 87.528	336	6.082	304	 9.58	   	      	491996	336769	1356863
R2	UK   	Maialen Morante              	 9	 7	368	64.725	334	 86.329	373	 86.761	344	6.054	357	 9.28	357	 1.726	511332	336767	1949540
R2	UK   	Fiona Arrese                 	11	10	389	63.370	290	 87.283	322	 87.904	335	6.094	   	     	400	 1.491	561993	336946	2659649
R2	UK   	Diana Tkachenko              	 1	 0	430	59.986	472	 80.416	456	 82.957	357	5.996	328	 9.46	   	      	457873	337976	 364491
R2	VANDY	Christina Rosca              	15	 5	 56	94.578	 53	 93.915	 65	 94.337	 62	7.782	 51	10.63	 43	14.484	446912	337211	  39371
R2	VANDY	Anessa Lee                   	18	 8	161	83.304	180	 90.204	177	 91.385	155	7.180	132	10.29	199	 2.637	561902	336734	1478359
R2	VANDY	Amanda Meyer                 	 8	 5	170	82.622	190	 89.838	199	 90.917	166	7.123	214	10.00	118	 4.135	432850	336732	  77500
R2	VANDY	Emma Kurtz                   	12	17	173	82.442	174	 90.426	148	 92.125	225	6.806	187	10.09	154	 3.053	424044	336736	  77397
R2	VANDY	Anna Ross                    	 8	11	208	78.692	212	 89.468	185	 91.239	238	6.704	181	10.11	260	 2.201	511683	337209	2154335
R2	VANDY	Marcella Cruz                	16	10	217	77.913	226	 89.046	243	 89.874	210	6.865	172	10.15	265	 2.133	511682	336738	2492659
R2	VANDY	Holly Staff                  	14	13	237	76.266	217	 89.297	210	 90.638	229	6.772	205	10.03	352	 1.751	561901	336740	 246701
R2	VANDY	Dasha Kourkina               	 5	 4	311	68.799	324	 86.605	292	 88.573	312	6.259	270	 9.72	371	 1.645	511685	336838	  96584
R2	WAKE 	Carolyn Campana              	 9	 6	 38	96.487	 31	 95.155	 27	 96.227	 60	7.790	 71	10.48	 15	28.610	509935	339199	  66827
R2	WAKE 	Anna Brylin                  	15	 8	135	86.370	125	 91.420	134	 92.348	101	7.470	103	10.38	270	 2.105	485841	337234	  77545
R2	WAKE 	Anna Campana                 	 6	12	136	86.345	165	 90.585	116	 92.740	206	6.896	223	 9.97	 54	11.515	509929	337232	1618799
R2	WAKE 	Eliza Omirou                 	10	10	241	75.451	236	 88.719	235	 90.006	223	6.808	226	 9.96	319	 1.884	438453	338715	  79773
R2	WAKE 	Casie Wooten                 	13	 8	258	73.977	252	 88.248	283	 88.764	182	7.036	254	 9.81	362	 1.704	563738	337236	2295843
R2	WAKE 	Brooke Killingsworth         	 8	16	290	70.892	279	 87.611	247	 89.799	299	6.337	251	 9.82	404	 1.475	563737	337233	 126005
R2	WAKE 	Peyton Pesavento             	 4	 6	356	65.342	339	 86.257	330	 87.692	323	6.165	340	 9.39	   	      	485842	337235	1617595
R2	WAKE 	Madeleine Lynch              	 2	 1	398	62.795	393	 84.448	408	 85.692	330	6.120	331	 9.44	   	      	509930	337237	2092343
R2	WAKE 	Maryam Ahmad                 	 1	 1	477	55.555	435	 82.664	437	 84.111	   	     	419	 8.83	   	      	563739	      	1620314
R3	ARK  	Indianna Spink               	15	 9	 75	91.898	 87	 92.620	 74	 93.882	123	7.307	 98	10.39	 45	13.819	561985	336670	 273305
R3	ARK  	Martina Zerulo               	 4	 1	112	88.807	 73	 93.042	100	 93.061	 81	7.616	 73	10.47	   	      	466140	336808	2608080
R3	ARK  	Kelly Keller                 	13	10	152	84.294	145	 90.948	117	 92.737	172	7.084	125	10.32	262	 2.193	511740	336665	2521764
R3	ARK  	Tatum Rice                   	12	13	220	77.633	196	 89.792	196	 90.969	234	6.735	214	10.00	291	 1.995	445260	336642	  76928
R3	ARK  	Morgan Cross                 	14	15	294	70.525	272	 87.827	276	 88.965	296	6.351	246	 9.85	   	      	561986	336634	 246658
R3	ARK  	Laura Rijkers                	 8	 8	352	65.472	314	 86.820	336	 87.624	355	5.998	343	 9.38	382	 1.596	497875	337645	1313617
R3	ARK  	Jackie Carr                  	 5	 6	379	63.992	355	 85.700	368	 86.890	358	5.960	318	 9.49	   	      	395394	336631	1885695
R3	ARK  	Lauren Alter                 	11	15	392	63.166	358	 85.640	353	 87.215	381	5.811	346	 9.36	   	      	489375	336649	 197547
R3	ARK  	Presley Southerland          	 3	 5	499	53.661	484	 79.079	484	 81.714	464	5.119	483	 7.98	   	      	561987	336637	 996005
R3	ARK  	Claire Slaughter             	 3	 7	501	53.527	481	 79.433	490	 81.138	486	4.876	465	 8.34	   	      	511738	336639	 104519
R3	BALL 	Emma Peeler                  	11	12	341	66.299	307	 86.961	253	 89.552	382	5.809	360	 9.27	   	      	514948	337600	  97462
R3	BALL 	Mariya Polishchuk            	15	 8	376	64.136	382	 84.890	366	 86.992	363	5.923	349	 9.34	335	 1.839	565605	337602	 273146
R3	BALL 	Jessica Braun                	14	 9	394	63.008	373	 85.121	361	 87.054	383	5.808	367	 9.19	366	 1.685	514946	337604	  98429
R3	BALL 	Livia Lukacs                 	10	 3	408	61.871	463	 81.003	468	 82.348	443	5.369	435	 8.67	193	 2.679	489687	337610	 226677
R3	BALL 	Silvia Martinez              	14	 3	418	60.874	456	 81.214	467	 82.364	430	5.464	   	     	190	 2.715	565604	339532	2096107
R3	BALL 	Rebecca Herrington           	15	 6	429	60.088	430	 82.897	436	 84.196	431	5.449	422	 8.81	297	 1.960	415306	337608	  83231
R3	BALL 	Amy Kaplan                   	12	 8	455	57.295	452	 81.758	443	 83.821	458	5.160	429	 8.73	361	 1.705	514947	337606	 116559
R3	BALL 	Emily Desai                  	 2	 1	515	52.072	504	 77.843	526	 78.445	503	4.545	466	 8.31	   	      	521590	337836	 212196
R3	BALL 	Martini Bocchi               	 1	 0	525	51.416	518	 76.581	524	 78.816	   	     	458	 8.43	   	      	565602	      	 365694
R3	BALL 	Victoria Sec                 	 2	 0	548	50.012	537	 72.246	548	 73.683	514	4.323	507	 7.44	   	      	450373	340420	  77522
R3	BAMA 	Isabella Harvison            	 5	 3	 60	93.814	 60	 93.663	 69	 94.067	 93	7.535	 42	10.69	 56	10.802	510588	336757	  95716
R3	BAMA 	Alba Cortina-Pou             	15	 8	196	80.241	184	 90.092	204	 90.798	181	7.040	155	10.20	286	 2.014	398952	336777	 980252
R3	BAMA 	Loudmilla Bencheikh          	 2	 5	219	77.793	163	 90.631	142	 92.203	252	6.617	243	 9.87	381	 1.600	568475	340840	 199900
R3	BAMA 	Anne Marie Hiser             	18	11	289	70.950	249	 88.291	261	 89.335	302	6.318	259	 9.78	   	      	561867	336760	2104183
R3	BAMA 	Anna Parkhomenko             	15	11	307	69.162	276	 87.734	281	 88.804	310	6.267	285	 9.69	   	      	561871	336766	 277793
R3	BAMA 	Vanesa Nikolovova            	 4	 4	310	68.823	305	 86.975	302	 88.276	291	6.410	270	 9.72	   	      	561869	336763	 208968
R3	BAMA 	Moka Ito                     	 7	18	314	68.544	298	 87.097	230	 90.129	368	5.904	300	 9.61	   	      	490181	336774	1477058
R3	BAMA 	Sasha Gorchanyuk             	 8	17	371	64.568	357	 85.680	319	 87.955	373	5.870	323	 9.47	   	      	521223	336780	1886616
R3	BAMA 	Sydney Riley                 	13	13	393	63.107	349	 85.793	381	 86.419	377	5.843	335	 9.41	   	      	561872	336770	  52094
R3	BAMA 	Sydney Orefice               	 2	 6	480	55.162	441	 82.525	464	 82.439	445	5.342	489	 7.92	   	      	561870	336788	 126060
R3	FIU  	Komola Umarova               	10	 2	127	87.504	 92	 92.492	 71	 93.985	154	7.185	198	10.05	153	 3.074	493859	339447	1889172
R3	FIU  	Marina Alcaide               	11	 1	130	87.202	130	 91.312	150	 91.937	109	7.424	190	10.08	 85	 6.229	511963	338068	1724321
R3	FIU  	Andjela Skrobonja            	10	 2	203	79.504	239	 88.655	234	 90.020	200	6.926	196	10.06	165	 2.969	564568	338071	 244730
R3	FIU  	Andreea Velcea               	 9	 3	250	74.443	319	 86.698	333	 87.648	293	6.379	226	 9.96	155	 3.052	564569	338072	 243044
R3	FIU  	Basak Akbas                  	 5	 5	284	71.601	259	 88.128	223	 90.281	274	6.484	308	 9.56	379	 1.606	493856	338066	  94575
R3	FIU  	Kristina Miletic             	 3	 7	466	56.698	447	 81.899	440	 84.023	465	5.112	409	 8.91	   	      	511966	339449	 141668
R3	FIU  	Francisca Vergara            	 1	 2	543	50.300	523	 76.007	529	 78.112	511	4.358	   	     	   	      	511964	338075	 191789
R3	FUR  	Katarina Kozarov             	23	 1	 12	98.425	  7	 97.636	 12	 97.753	 15	8.368	 48	10.65	 16	26.427	423350	337200	 269978
R3	FUR  	Julia Adams                  	19	 6	132	86.881	134	 91.213	124	 92.615	153	7.188	168	10.16	 91	 5.793	486168	337201	1973223
R3	FUR  	Ellie Schoppe                	20	 4	273	72.911	298	 87.097	352	 87.262	249	6.622	312	 9.54	179	 2.787	564766	337239	1624045
R3	FUR  	Maryann Rompf                	18	 9	299	69.957	282	 87.526	298	 88.464	303	6.310	270	 9.72	356	 1.740	512095	337203	 297502
R3	FUR  	Madison Dillon               	12	13	319	68.287	283	 87.508	277	 88.961	339	6.062	328	 9.46	368	 1.674	497145	337202	 100157
R3	FUR  	Maggie Pate                  	15	 8	340	66.349	341	 86.075	350	 87.282	355	5.998	335	 9.41	304	 1.949	512093	337204	1522752
R3	FUR  	Ilayda Baykan                	 4	 1	445	58.941	449	 81.819	460	 82.637	447	5.329	427	 8.75	296	 1.964	564765	339208	1525834
R3	FUR  	Georgie Walker               	 0	 1	526	51.297	553	 63.979	556	 66.059	475	4.990	461	 8.40	   	      	461689	337205	 956408
R3	ISU  	Miska Kadleckova             	16	 3	103	89.369	 98	 92.251	147	 92.130	 68	7.720	 83	10.43	167	 2.945	561613	337372	2621858
R3	ISU  	Thasaporn Naklo              	12	 7	116	88.231	110	 91.811	 75	 93.839	125	7.294	119	10.33	184	 2.768	514906	337369	1708919
R3	ISU  	Maty Cancini                 	11	16	242	75.105	220	 89.228	198	 90.928	305	6.296	236	 9.92	305	 1.948	394889	336681	1969556
R3	ISU  	Sofia Cabezas                	13	 4	251	74.382	247	 88.338	297	 88.473	248	6.631	257	 9.80	236	 2.416	565111	337375	2665937
R3	ISU  	Chie Kezuka                  	15	13	296	70.365	261	 88.052	251	 89.695	273	6.486	314	 9.52	   	      	514905	336692	2514918
R3	ISU  	Christin Hsieh               	12	17	347	66.099	309	 86.940	275	 88.966	371	5.883	349	 9.34	   	      	514907	336684	1880718
R3	ISU  	Ting-Pei Chang               	 3	 9	431	59.766	402	 84.117	409	 85.688	434	5.442	363	 9.25	   	      	514909	336696	 199184
R3	ISU  	Ellie Murphy                 	 1	 8	495	53.927	485	 79.064	453	 83.171	495	4.697	469	 8.27	   	      	561614	336694	1784979
R3	JMU  	Daria Afanasyeva             	10	 5	205	79.070	178	 90.252	149	 92.047	244	6.652	290	 9.65	214	 2.513	486159	338896	 972053
R3	JMU  	Kylie Moulin                 	13	 3	244	74.956	274	 87.791	313	 88.044	257	6.579	302	 9.60	148	 3.149	511635	338904	1906624
R3	JMU  	Alexis Franco                	14	 3	267	73.179	316	 86.782	326	 87.833	277	6.466	304	 9.58	160	 3.010	564603	338902	  62216
R3	JMU  	Jona Roka                    	10	 4	272	73.025	246	 88.381	250	 89.746	287	6.425	340	 9.39	238	 2.410	446644	338898	  33300
R3	JMU  	Daniela Voloh                	12	 1	276	72.567	346	 85.850	380	 86.457	271	6.494	323	 9.47	135	 3.497	486161	340493	 151747
R3	JMU  	Natalia Nikolopoulou         	 8	 6	345	66.157	329	 86.470	342	 87.470	384	5.799	375	 9.13	274	 2.095	511631	338900	 190088
R3	JMU  	Amanda Nord                  	 4	 1	415	61.349	425	 83.103	431	 84.395	387	5.779	390	 9.05	312	 1.916	486160	338906	1623637
R3	JMU  	Michelle Los Arcos Balasch   	 1	 0	476	55.662	408	 83.957	445	 83.806	440	5.401	   	     	   	      	497645	341577	2095895
R3	MSST 	Emma Antonaki                	16	 5	 69	92.375	 71	 93.075	 86	 93.567	 87	7.577	147	10.23	 33	17.808	486811	337051	2666454
R3	MSST 	Magda Adaloglou              	12	 6	184	81.400	198	 89.776	182	 91.306	246	6.649	172	10.15	146	 3.242	384278	337049	2630090
R3	MSST 	Tamara Racine                	 9	15	235	76.333	221	 89.196	184	 91.245	258	6.576	251	 9.82	282	 2.036	486813	336781	2058652
R3	MSST 	Sara Lizariturry             	 3	 0	266	73.307	296	 87.206	296	 88.497	320	6.191	135	10.28	358	 1.714	427230	337055	2688681
R3	MSST 	Valeria Nikolaev             	 2	 1	270	73.095	271	 87.839	255	 89.504	241	6.675	208	10.02	   	      	486812	336772	  50861
R3	MSST 	Lilian Poling                	12	11	274	72.607	265	 87.980	272	 89.029	309	6.273	277	 9.71	250	 2.330	561127	336786	  51373
R3	MSST 	Alexandra Mikhailuk          	16	15	281	72.031	244	 88.490	248	 89.773	278	6.462	250	 9.83	   	      	510941	336776	1884708
R3	MSST 	Chloe Cirotte                	11	 6	297	70.151	302	 87.056	334	 87.632	310	6.267	296	 9.64	256	 2.236	561126	337139	2084299
R3	MSST 	Marta Falceto                	11	 8	344	66.171	328	 86.475	348	 87.364	360	5.949	297	 9.62	363	 1.702	510940	336789	 190101
R3	OKST 	Bunyawi Thamchaiwat          	18	 4	 22	97.680	 24	 95.442	 28	 96.183	 35	8.096	 11	10.92	 26	21.362	497414	336799	2530163
R3	OKST 	Alana Wolfberg               	14	10	 72	91.999	 97	 92.268	 83	 93.649	108	7.440	 65	10.54	 58	10.368	513080	336800	  96582
R3	OKST 	Ayumi Miyamoto               	18	10	122	87.645	109	 91.817	118	 92.716	137	7.241	135	10.28	121	 4.018	513082	336802	1538329
R3	OKST 	Dariya Detkovskaya           	16	 8	179	81.727	154	 90.777	174	 91.454	180	7.042	240	 9.89	176	 2.792	513083	336801	2550846
R3	OKST 	Lenka Stara                  	13	12	287	70.984	258	 88.181	260	 89.361	279	6.449	270	 9.72	   	      	520711	336797	2528687
R3	OKST 	Lisa Marie Rioux             	 1	 1	300	69.631	269	 87.930	242	 89.877	185	7.015	   	     	   	      	489667	336798	2531097
R3	OKST 	Daniella Medvedeva           	 8	13	354	65.466	364	 85.508	347	 87.384	340	6.061	281	 9.70	   	      	562307	336803	1621903
R3	OKST 	Draginja Vukovik             	 1	 0	419	60.862	309	 86.940	259	 89.460	   	     	   	     	   	      	564728	      	 227905
R3	OKST 	Lora Boggs                   	 1	 8	546	50.094	533	 74.162	536	 76.862	513	4.324	519	 7.02	   	      	513079	336939	2532335
R3	OKST 	Mary Streller                	 0	 2	558	48.995	544	 63.984	553	 66.061	   	     	   	     	   	      	562692	      	2589253
R3	RICE 	Linda Huang                  	 8	 5	121	87.695	122	 91.491	141	 92.218	188	7.010	 98	10.39	 89	 5.825	486224	336818	  81948
R3	RICE 	Victoria Smirnova            	 5	 5	164	83.012	150	 90.860	127	 92.462	208	6.875	192	10.07	186	 2.764	485988	336982	2096729
R3	RICE 	Federica Trevisan            	17	 6	181	81.629	188	 89.889	207	 90.661	255	6.588	251	 9.82	 84	 6.302	562574	336830	2565095
R3	RICE 	Michaela Haet                	 9	12	227	76.818	181	 90.170	165	 91.536	247	6.647	223	 9.97	   	      	412789	336815	 951760
R3	RICE 	Anna Bowtell                 	14	 9	264	73.499	268	 87.931	267	 89.205	256	6.584	223	 9.97	320	 1.882	392024	336834	 114626
R3	RICE 	Anastasia Smirnova           	 4	 3	286	71.122	267	 87.949	278	 88.914	297	6.350	233	 9.93	391	 1.547	485982	338159	 363114
R3	RICE 	Maria Budin                  	15	11	364	65.051	345	 85.859	335	 87.626	353	6.011	314	 9.52	   	      	510347	336832	1903621
R3	RICE 	Diae El Jardi                	10	10	426	60.346	398	 84.230	399	 86.019	391	5.758	388	 9.06	   	      	497358	336823	 149493
R3	SYR  	Viktoriya Kanapatskaya       	12	 5	 39	96.377	 45	 94.528	 39	 95.538	 49	7.872	 66	10.53	 11	30.964	564454	338564	 260988
R3	SYR  	Guzal Yusupova               	 4	10	216	78.077	234	 88.751	212	 90.631	243	6.659	353	 9.32	119	 4.116	489241	339102	1711825
R3	SYR  	Natalie Novotna              	 9	 9	228	76.765	213	 89.375	205	 90.706	223	6.808	244	 9.86	285	 2.017	565198	338565	1872011
R3	SYR  	Miranda Ramirez              	 5	13	328	67.573	315	 86.791	305	 88.186	331	6.119	277	 9.71	   	      	443972	337525	1712145
R3	SYR  	Polina Kozyreva              	11	 9	333	67.220	322	 86.632	356	 87.163	298	6.348	323	 9.47	343	 1.786	511873	337527	1972217
R3	SYR  	Zeynep Erman                 	 4	 5	338	66.709	338	 86.274	331	 87.672	290	6.415	374	 9.15	337	 1.821	521319	337669	 225701
R3	SYR  	Ines Fonte                   	 1	 9	421	60.727	388	 84.693	400	 85.999	419	5.547	353	 9.32	   	      	565196	338566	2700327
R3	SYR  	Sofya Treshcheva             	 1	 4	432	59.749	419	 83.488	404	 85.797	432	5.447	355	 9.31	   	      	489239	337526	1727609
R3	UCSB 	Elizaveta Volodko            	 9	 5	107	89.089	 74	 92.994	 63	 94.358	194	6.966	150	10.21	114	 4.215	461199	339475	2086498
R3	UCSB 	Shakhnoza Khatmova           	15	 2	118	87.981	 72	 93.048	138	 92.302	164	7.126	179	10.12	 86	 6.054	510745	339479	2527560
R3	UCSB 	Camille Kiss                 	10	 4	157	83.755	123	 91.483	113	 92.845	204	6.912	172	10.15	232	 2.423	567455	339477	1339362
R3	UCSB 	Marta Gonzalez Balbe         	 7	 5	441	59.143	455	 81.216	460	 82.637	423	5.503	   	     	244	 2.384	567454	339481	1424759
R3	UCSB 	Kira Reuter                  	 5	 7	450	58.383	445	 82.243	432	 84.394	393	5.739	406	 8.94	   	      	567453	339677	1906645
R3	UCSB 	Lise Sentenac                	 6	 8	457	57.260	433	 82.755	420	 84.831	452	5.295	437	 8.66	397	 1.508	450664	339484	  83964
R3	UNF  	Catherine Gulihur            	18	 5	131	87.098	147	 90.898	137	 92.315	139	7.239	103	10.38	124	 3.915	564618	338082	1027294
R3	UNF  	Lucia Montano                	14	 9	175	82.078	158	 90.671	 85	 93.620	211	6.864	239	 9.90	273	 2.097	434231	337342	  75631
R3	UNF  	Ana Paula Melilo             	 8	 4	232	76.531	231	 89.002	231	 90.056	245	6.651	241	 9.88	226	 2.446	489951	337343	 284894
R3	UNF  	Annabelle Davis              	11	 1	240	75.482	295	 87.224	364	 87.011	201	6.924	311	 9.55	132	 3.593	564617	340187	 309399
R3	UNF  	Constanza Gorches            	13	 9	305	69.290	300	 87.079	291	 88.577	292	6.402	285	 9.69	376	 1.630	493947	337345	  53516
R3	UNF  	Kendall Nash                 	 2	 0	390	63.230	406	 83.990	414	 85.220	276	6.469	356	 9.30	   	      	512714	339448	  99329
R3	UNF  	Sean Lodzki                  	 4	 1	414	61.621	421	 83.447	434	 84.352	411	5.611	385	 9.08	288	 2.012	500946	337349	1711957
R3	UNF  	Summer Yardley               	10	10	417	61.118	380	 84.923	403	 85.847	399	5.688	371	 9.16	392	 1.546	521107	337347	 169611
R3	UNF  	Valentina Mariotto           	 8	 8	448	58.522	432	 82.780	427	 84.549	435	5.441	431	 8.70	355	 1.742	429749	337346	  94614
R3	UNF  	Florencia Rossi              	 1	 0	490	54.271	415	 83.663	509	 79.651	468	5.085	497	 7.70	   	      	447106	346012	1970171
R3	USC  	Salma Ewing                  	15	 5	 35	96.636	 20	 95.866	 44	 95.233	 53	7.834	 22	10.83	 42	14.556	485966	337683	  67767
R3	USC  	Eryn Cayetano                	11	 6	 46	95.764	 40	 94.727	 42	 95.392	 71	7.701	 13	10.91	 88	 5.848	509808	337680	  95699
R3	USC  	Naomi Cheong                 	 9	 8	 68	92.546	 82	 92.758	 59	 94.565	 82	7.611	 50	10.64	116	 4.192	564452	337484	1689163
R3	USC  	Angela Kulikov               	 0	 1	 94	90.085	242	 88.574	159	 91.715	 12	8.483	 51	10.63	   	      	423901	339012	1711923
R3	USC  	Danielle Willson             	13	 9	193	80.432	169	 90.507	170	 91.473	164	7.126	172	10.15	354	 1.744	485967	337486	1711838
R3	USC  	Summer Dvorak                	13	 9	257	73.978	243	 88.510	263	 89.296	237	6.718	238	 9.91	331	 1.852	565235	337488	  58873
R3	USC  	Clare McKee                  	10	10	326	67.852	363	 85.514	374	 86.743	269	6.504	231	 9.95	   	      	565236	337491	2583635
R3	USC  	Constance Branstine          	 2	 5	369	64.670	288	 87.357	363	 87.050	345	6.051	375	 9.13	   	      	392389	339288	2142121
R3	USD  	Solymar Colling              	14	 4	 36	96.598	 35	 94.984	 13	 97.415	 72	7.694	 29	10.78	 48	12.758	493373	338927	  72099
R3	USD  	Elizabeth Goldsmith          	11	 4	140	86.025	101	 92.144	 98	 93.103	171	7.095	192	10.07	164	 2.970	515117	338928	2526833
R3	USD  	Jordyn McBride               	14	 3	145	85.110	138	 91.176	139	 92.271	133	7.255	190	10.08	151	 3.111	565869	338929	 100678
R3	USD  	Abigail Desiatnikov          	12	 4	155	83.880	149	 90.882	193	 91.023	195	6.964	 92	10.41	211	 2.519	565867	339116	2535949
R3	USD  	Victoria Kalaitzis           	12	 5	278	72.453	301	 87.076	318	 87.957	268	6.510	262	 9.76	236	 2.416	565866	338931	2650492
R3	USD  	Katharina Kukaras            	11	 5	334	67.131	377	 85.030	389	 86.164	325	6.152	334	 9.42	241	 2.387	423873	338930	 177317
R3	USD  	Jessi Muljat                 	 5	 1	412	61.727	451	 81.770	465	 82.435	422	5.507	407	 8.93	228	 2.443	515116	338932	  70551
R3	USD  	Elisabeth Andryukhova        	 1	 1	510	52.761	498	 78.127	481	 81.815	   	     	451	 8.50	   	      	565868	      	 236414
R3	XAV  	Ahmeir Kyle                  	10	 4	188	81.225	192	 89.806	154	 91.840	253	6.601	297	 9.62	105	 4.785	424183	338436	1711909
R3	XAV  	Kat Lyman                    	13	 4	238	76.145	241	 88.599	233	 90.025	265	6.547	290	 9.65	179	 2.787	566330	338438	2678873
R3	XAV  	Anna Roggenburk              	15	 4	271	73.066	273	 87.811	257	 89.469	315	6.249	343	 9.38	187	 2.751	514026	338437	1711867
R3	XAV  	Imani Graham                 	16	 4	324	67.874	370	 85.253	379	 86.471	319	6.194	340	 9.39	225	 2.452	566327	338439	1622545
R3	XAV  	Emily Thomas                 	 8	 4	416	61.143	457	 81.157	454	 83.052	444	5.347	399	 9.00	241	 2.387	492604	338440	1884920
R3	XAV  	Kaitlin Ruether              	 6	12	494	53.950	475	 79.970	475	 82.013	500	4.559	451	 8.50	   	      	447493	338442	  99291
R3	XAV  	Lucy Octave                  	 3	 4	511	52.507	505	 77.798	503	 80.073	491	4.798	476	 8.12	   	      	566329	338922	2685743
R3	XAV  	Blessing Nwaozuzu            	 3	 3	517	52.015	516	 76.832	525	 78.589	506	4.499	456	 8.47	   	      	566328	338622	2125599
R3	XAV  	Natalie Moyer                	 0	 3	559	48.970	561	 62.978	550	 71.753	534	2.455	516	 7.13	   	      	492602	338924	 119837
R4	ALST 	Madalena Andrade             	10	 3	359	65.239	395	 84.340	361	 87.054	467	5.090	451	 8.50	169	 2.887	512658	337515	 278630
R4	ALST 	Urska Velec                  	 8	 2	420	60.803	479	 79.491	480	 81.818	485	4.886	491	 7.87	169	 2.887	491897	337516	2603320
R4	ALST 	Francesca Duca               	 8	 6	472	55.852	517	 76.752	517	 79.142	501	4.557	495	 7.80	253	 2.258	565048	337520	2688836
R4	ALST 	Bea Acena                    	 7	 6	512	52.242	520	 76.271	527	 78.437	522	4.013	492	 7.86	353	 1.745	512660	337517	 207451
R4	ALST 	Lizaveta Dzemchanka          	 3	 0	532	51.009	487	 78.931	505	 79.975	   	     	   	     	   	      	565049	      	 272877
R4	ALST 	Anja Hriblijan               	 0	 6	535	50.809	532	 74.491	498	 80.512	530	3.454	504	 7.53	   	      	565046	337977	1602978
R4	ALST 	Ana Tarbujaru                	 3	 3	547	50.072	527	 75.601	537	 76.674	518	4.167	520	 6.99	   	      	565047	337518	1524435
R4	ALST 	Timothee Legaud              	 3	 5	550	49.752	536	 73.263	541	 75.913	525	3.875	517	 7.12	   	      	565050	337519	1409251
R4	BU   	Kaitlin Tan                  	 8	 0	211	78.311	216	 89.324	221	 90.344	197	6.940	321	 9.48	159	 3.029	568347	340168	 101854
R4	BU   	Victoria Carlsten            	 4	 4	313	68.633	260	 88.079	266	 89.253	401	5.674	269	 9.73	   	      	568348	339227	 215147
R4	BU   	Lily Burchell                	 8	 2	325	67.868	391	 84.521	415	 85.084	359	5.958	392	 9.04	150	 3.122	393806	339235	 958242
R4	BU   	Erica Di Battista            	 6	 1	330	67.496	321	 86.643	315	 88.029	349	6.026	357	 9.28	288	 2.012	512752	339229	 407496
R4	BU   	Katya Martens                	 4	 1	375	64.244	422	 83.426	439	 84.024	374	5.861	396	 9.02	213	 2.514	429993	339233	2138694
R4	BU   	Emily Kim                    	 8	 4	382	63.851	401	 84.119	410	 85.672	429	5.466	429	 8.73	204	 2.598	421870	339231	  77134
R4	BU   	Shelly Yaloz                 	 2	 2	497	53.808	491	 78.616	494	 80.701	492	4.736	433	 8.68	   	      	489604	345660	  95677
R4	BU   	Stephanie Nguyen             	 2	 0	498	53.716	489	 78.719	500	 80.307	462	5.135	462	 8.38	   	      	512753	339237	  66712
R4	BU   	Alex Angyalosy               	 2	 0	508	52.965	503	 77.855	511	 79.586	499	4.571	441	 8.60	   	      	512756	340173	1533890
R4	BU   	Sofia Kostirko               	 0	 1	523	51.588	551	 63.982	510	 79.605	519	4.153	448	 8.52	   	      	512755	340501	 932652
R4	BU   	Dani Blaser                  	 2	 0	524	51.463	499	 78.106	516	 79.180	509	4.451	505	 7.50	   	      	390800	345676	1011688
R4	BU   	Mia Wallace                  	 2	 0	530	51.036	496	 78.243	515	 79.332	   	     	506	 7.48	   	      	512754	      	 180117
R4	CHSO 	Madalina Man                 	 9	 6	346	66.151	327	 86.540	306	 88.182	385	5.796	395	 9.03	292	 1.987	429324	337382	 242991
R4	CHSO 	Luiza Fullana                	 7	 6	404	62.338	403	 84.102	375	 86.615	415	5.591	386	 9.07	313	 1.907	513184	337385	2337012
R4	CHSO 	Zoe Cauthen                  	 9	 6	444	58.942	466	 80.878	471	 82.271	469	5.049	431	 8.70	263	 2.153	513183	337388	 100355
R4	CHSO 	Khyanna Singh                	 8	 9	452	57.586	427	 83.052	429	 84.477	453	5.249	433	 8.68	382	 1.596	564438	337386	1307523
R4	CHSO 	Michelle Schmitz             	 9	 9	484	54.779	473	 80.324	473	 82.099	493	4.723	471	 8.18	364	 1.695	449669	337391	 208882
R4	CHSO 	Tiffany Pyritz               	 6	 7	500	53.607	488	 78.783	486	 81.591	498	4.589	463	 8.36	393	 1.532	487656	337381	 903434
R4	CHSO 	Tyler Kirk                   	 0	 4	561	48.726	560	 63.296	561	 65.593	532	3.233	521	 6.84	   	      	422167	339679	 115977
R4	DEN  	Anna Riedmiller              	14	 1	 87	91.071	 49	 94.085	 91	 93.319	 76	7.648	158	10.19	106	 4.703	445479	337485	 925725
R4	DEN  	Taylor Melville              	 9	 4	201	79.577	228	 89.036	144	 92.136	262	6.567	236	 9.92	175	 2.839	511792	337670	 802639
R4	DEN  	Britt Pursell                	12	 4	254	74.248	284	 87.468	254	 89.521	282	6.443	277	 9.71	201	 2.606	511793	337671	  95702
R4	DEN  	Camille Verden-Anderson      	 8	 3	292	70.807	342	 86.072	345	 87.418	294	6.353	382	 9.11	160	 3.010	460514	337490	 290017
R4	DEN  	Toni Nelson                  	10	 2	316	68.469	407	 83.971	425	 84.613	347	6.035	335	 9.41	155	 3.052	486652	337672	 100428
R4	DEN  	Hada Chang                   	 6	 2	363	65.053	417	 83.532	423	 84.683	364	5.918	396	 9.02	205	 2.557	396387	337489	  47061
R4	DEN  	tatum burger                 	 8	 7	427	60.208	439	 82.631	433	 84.382	409	5.622	418	 8.84	307	 1.934	486651	337487	1622519
R4	DRKE 	Elizaveta Petushkova         	10	10	377	64.121	336	 86.290	285	 88.748	400	5.675	398	 9.01	390	 1.548	441314	338103	 272060
R4	DRKE 	Ines Stephani                	13	 5	403	62.412	416	 83.609	419	 84.844	405	5.639	441	 8.60	241	 2.387	565847	338512	 364174
R4	DRKE 	Maria Tatarnikova            	12	 7	440	59.154	426	 83.053	424	 84.671	417	5.566	444	 8.58	340	 1.799	511402	338104	 142787
R4	DRKE 	Darinka Stepan               	10	 6	454	57.397	467	 80.729	474	 82.022	457	5.166	449	 8.51	309	 1.926	565848	338513	2514388
R4	DRKE 	Daria Walczak                	 9	10	463	56.945	420	 83.466	416	 85.037	463	5.120	463	 8.36	395	 1.525	487789	338105	2599189
R4	DRKE 	kelsey neville               	 9	 8	509	52.876	500	 78.097	505	 79.975	507	4.491	488	 7.93	372	 1.640	487791	338106	 119839
R4	DRKE 	Megan Webb                   	 1	 2	544	50.181	531	 74.583	540	 75.994	527	3.633	499	 7.66	   	      	462447	338107	2600562
R4	DRKE 	Kendall Hunt                 	 0	 2	560	48.870	562	 62.880	562	 64.421	533	2.704	510	 7.25	   	      	511403	338109	 897771
R4	GASO 	Mila Hartig                  	14	 5	335	67.057	376	 85.043	406	 85.746	350	6.022	313	 9.53	232	 2.423	413988	337390	  83266
R4	GASO 	Nadja Meier                  	15	10	336	67.045	306	 86.967	290	 88.653	343	6.056	330	 9.45	387	 1.560	505780	337383	2688860
R4	GASO 	Sophie Wagemaker             	11	 7	406	62.110	392	 84.489	391	 86.135	406	5.636	378	 9.12	332	 1.848	563646	337568	 242538
R4	GASO 	Paula Boixader               	 8	10	438	59.240	383	 84.888	301	 88.277	455	5.188	   	     	   	      	391249	337380	2647459
R4	GASO 	Paula Hijos                  	13	 6	453	57.513	440	 82.553	444	 83.820	438	5.416	   	     	307	 1.934	505781	337387	 493713
R4	GASO 	Charlotte Van Diemen         	 8	 6	462	56.949	399	 84.154	384	 86.346	450	5.301	   	     	   	      	459784	337384	 394694
R4	GASO 	Elizabeth Goines             	13	 8	473	55.758	474	 80.159	479	 81.825	478	4.956	454	 8.49	344	 1.775	410423	337389	1971490
R4	GASO 	Sonja Keranen                	 3	 0	555	49.393	538	 71.864	547	 74.440	   	     	518	 7.04	   	      	563643	      	 274668
R4	GASO 	Sara Barriendo               	 2	 0	557	49.050	543	 66.007	551	 69.261	   	     	   	     	   	      	563645	      	1551902
R4	GASO 	Hannah Daniel                	 1	 0	563	48.478	563	 60.708	563	 64.096	   	     	526	 5.31	   	      	400366	      	1463656
R4	GCU  	Natasha Puehse               	12	 4	255	74.219	251	 88.256	203	 90.803	313	6.256	316	 9.51	226	 2.446	515241	337240	2494062
R4	GCU  	Emilia Occhipinti            	11	 5	339	66.622	354	 85.734	317	 87.992	379	5.836	369	 9.17	264	 2.147	437887	337241	1895710
R4	GCU  	Jana Weiss                   	13	 4	373	64.418	386	 84.756	397	 86.026	394	5.731	402	 8.98	235	 2.419	515242	337242	 154526
R4	GCU  	Joely Lomas                  	 8	 9	470	56.343	453	 81.445	466	 82.418	459	5.157	440	 8.63	372	 1.640	564213	337549	  93375
R4	GCU  	Taylor Andersen              	 9	 7	483	54.975	509	 77.347	514	 79.358	490	4.828	486	 7.95	297	 1.960	564211	337244	2572318
R4	GCU  	Autum Prudhomme              	 6	11	516	52.018	494	 78.395	502	 80.147	508	4.486	496	 7.76	   	      	443177	337243	 196911
R4	GCU  	Aline Buhr                   	 0	 3	549	49.901	540	 71.575	539	 76.092	   	     	498	 7.67	   	      	564212	      	 268920
R4	LIU  	Valentina Dancenco           	 7	 0	304	69.326	405	 84.031	413	 85.428	354	6.003	392	 9.04	117	 4.171	514355	340526	 115084
R4	LIU  	Sofiya Kuzina                	 8	 2	312	68.688	351	 85.768	401	 85.970	395	5.729	401	 8.99	135	 3.497	510118	340524	 224650
R4	LIU  	Victoria Erechtchenko        	 7	 2	367	64.767	450	 81.799	458	 82.855	427	5.486	457	 8.46	135	 3.497	510119	340527	 274601
R4	LIU  	Bianca Compuesto             	 6	 0	385	63.585	492	 78.615	492	 80.881	436	5.438	474	 8.13	128	 3.657	514357	340530	1327412
R4	LIU  	Ekaterine Jorjoliani         	 7	 1	407	61.913	506	 77.748	520	 79.009	472	5.019	478	 8.09	135	 3.497	510116	340531	 227898
R4	LIU  	Elinor Storkaas              	 3	 5	542	50.473	526	 75.839	531	 77.970	512	4.332	512	 7.20	   	      	510115	340529	1890936
R4	LIU  	Phoebe Watton                	 2	 0	554	49.409	534	 73.691	546	 74.624	   	     	522	 6.80	   	      	510117	      	 219078
R4	LIU  	Jasmine Maduel               	 0	 1	556	49.202	541	 69.417	549	 72.144	   	     	523	 6.68	   	      	559623	      	 769129
R4	NAU  	Gina Dittmann                	15	 1	119	87.845	107	 91.866	 93	 93.236	104	7.467	231	 9.95	111	 4.323	565346	337532	1618836
R4	NAU  	Mimi Bland                   	14	 3	302	69.536	335	 86.302	371	 86.821	337	6.080	335	 9.41	187	 2.751	510759	337534	 278284
R4	NAU  	Eleanor Millard              	11	 5	343	66.174	337	 86.286	329	 87.762	378	5.840	408	 8.92	259	 2.206	433181	337530	 114417
R4	NAU  	Ava Neyestani                	11	 7	425	60.478	428	 82.973	422	 84.794	413	5.602	413	 8.87	313	 1.907	565347	337538	  96524
R4	NAU  	Elinor Beazley               	 8	 6	442	59.011	468	 80.709	463	 82.528	448	5.314	435	 8.67	274	 2.095	510760	337536	 253151
R4	NAU  	Aleksandra Buczynska         	 1	 0	481	55.129	431	 82.855	455	 82.961	   	     	426	 8.76	   	      	565349	      	1959981
R4	NAU  	Madison Moore                	 6	 9	529	51.086	511	 77.161	521	 78.929	515	4.307	503	 7.56	406	 1.459	434461	337540	1887494
R4	PEAY 	Fabienne Schmidt             	10	 6	293	70.569	289	 87.307	264	 89.280	367	5.908	318	 9.49	248	 2.355	449601	337656	 281123
R4	PEAY 	Jana Leder                   	12	 2	320	68.142	372	 85.130	386	 86.261	380	5.821	388	 9.06	155	 3.052	520580	337658	 212738
R4	PEAY 	Danielle Morris              	 9	 5	357	65.317	369	 85.284	340	 87.516	401	5.674	375	 9.13	266	 2.124	486162	337657	1636183
R4	PEAY 	Aleksandra Topalovic         	 9	 6	459	57.130	471	 80.502	478	 81.846	488	4.851	481	 8.06	274	 2.095	509681	337660	 169612
R4	PEAY 	Honoka Nakanishi             	 7	 4	460	57.103	493	 78.409	512	 79.460	480	4.935	472	 8.17	254	 2.244	497416	339452	2541957
R4	PEAY 	Martina Paladini Jennings    	 7	 7	479	55.258	483	 79.220	487	 81.225	516	4.295	449	 8.51	329	 1.854	509680	337659	2554764
R4	PEAY 	Ana Albertson                	 1	 2	551	49.740	539	 71.740	544	 75.297	529	3.473	508	 7.32	   	      	384878	337661	2163878
R4	SCST 	Rachida Berjane              	 6	 3	433	59.635	343	 86.009	357	 87.134	408	5.627	   	     	   	      	572198	      	2767282
R4	SCST 	Lasya Patnaik                	 6	 3	446	58.812	478	 79.559	483	 81.743	483	4.901	412	 8.89	258	 2.208	501649	340757	 244281
R4	SCST 	Hind Semlali                 	 6	 3	469	56.379	414	 83.692	407	 85.742	437	5.431	   	     	   	      	572197	      	2767275
R4	SCST 	Andjela Mihajlovic           	 2	 7	513	52.222	495	 78.296	489	 81.140	520	4.149	486	 7.95	   	      	433075	340756	 393669
R4	SCST 	Ikram Rassif                 	 4	 3	521	51.723	510	 77.209	522	 78.903	504	4.537	485	 7.96	403	 1.484	501650	340758	 201692
R4	SCST 	Anabel Aguil Ramirez         	 3	 2	534	50.962	521	 76.249	532	 77.835	477	4.964	   	     	   	      	572199	      	2767271
R4	SCST 	Lajla Cemalovic              	 0	 2	553	49.427	535	 73.454	545	 75.272	531	3.329	525	 6.26	   	      	524902	340759	 266017
R4	SCST 	Anais Peralta                	 0	 1	562	48.606	558	 63.835	560	 65.934	   	     	   	     	   	      	572200	      	 998660
R4	SIEN 	Meagan Brown                 	 7	 4	399	62.574	404	 84.079	412	 85.463	470	5.046	467	 8.28	201	 2.606	494009	341065	1784989
R4	SIEN 	Anastasia Koniaev            	 6	 3	464	56.919	530	 75.106	542	 75.805	502	4.547	502	 7.58	205	 2.557	513507	341070	  96586
R4	SIEN 	Maanya Viswanath             	 5	 2	482	55.014	508	 77.439	530	 78.088	505	4.501	500	 7.63	271	 2.103	513506	341716	 819044
R4	SIEN 	Emma Boggiali                	 6	 3	485	54.657	529	 75.153	538	 76.355	521	4.090	515	 7.14	251	 2.281	569351	341069	1712445
R4	SIEN 	Petra Miszczak               	 4	 5	527	51.260	514	 76.937	519	 79.059	517	4.184	490	 7.88	   	      	522290	341067	2557178
R4	SIEN 	Shelby Madeiros              	 3	 0	531	51.020	525	 75.911	535	 76.905	   	     	524	 6.28	358	 1.714	569353	      	1712292
R4	SIEN 	Kylie Mullaney               	 3	 5	538	50.678	515	 76.901	518	 79.089	523	4.008	514	 7.16	   	      	435352	341066	 943601
R4	SIEN 	Nanea Perkins                	 0	 1	539	50.670	528	 75.156	533	 77.622	528	3.478	483	 7.98	   	      	440923	341068	  76908
R4	SJSU 	Alba Pedrero Galindo         	11	 4	209	78.534	202	 89.715	169	 91.492	214	6.847	281	 9.70	222	 2.469	489387	339758	2096067
R4	SJSU 	Irena Muradyan               	14	 1	234	76.336	294	 87.227	323	 87.887	233	6.739	260	 9.77	129	 3.641	567102	338965	 271466
R4	SJSU 	Raquel Villan Pereira        	 9	 3	387	63.481	443	 82.461	447	 83.708	389	5.764	   	     	160	 3.010	567104	340361	2746163
R4	SJSU 	Rozalina Youseva             	 6	 7	396	62.910	347	 85.848	327	 87.806	416	5.587	403	 8.96	369	 1.669	515342	338961	1287716
R4	SJSU 	Jovana Babic                 	 7	 3	423	60.697	497	 78.185	501	 80.191	476	4.982	410	 8.90	193	 2.679	567103	338967	 243040
R4	SJSU 	Lara Marco Mas               	 6	 6	443	58.988	446	 82.077	449	 83.667	454	5.214	371	 9.16	344	 1.775	515341	339940	 373896
R4	SJSU 	Savannah Sendar              	 4	 3	475	55.680	480	 79.447	477	 81.899	460	5.152	410	 8.90	396	 1.520	450636	339939	 342975
R4	SJSU 	Tamara Culibrk               	 0	 2	519	51.916	519	 76.443	495	 80.678	510	4.359	482	 8.04	   	      	399784	338964	  47128
R4	TAMCC	Mariya Shumeika              	19	 3	263	73.575	237	 88.708	268	 89.160	314	6.250	365	 9.23	177	 2.789	490974	337280	 286884
R4	TAMCC	Emma Aucagne                 	22	 1	282	71.854	367	 85.410	392	 86.126	318	6.229	304	 9.58	127	 3.689	562421	337282	 281186
R4	TAMCC	Camille Townsend             	14	 6	366	64.833	360	 85.561	325	 87.847	388	5.772	403	 8.96	294	 1.973	490973	337662	  98368
R4	TAMCC	Victoire Delattre            	17	 3	380	63.963	461	 81.073	472	 82.103	428	5.471	438	 8.65	149	 3.134	512357	337284	 273244
R4	TAMCC	Leopoldine Boisseau          	17	 4	383	63.837	434	 82.703	441	 83.885	404	5.641	421	 8.82	190	 2.715	562422	337283	 275193
R4	TAMCC	Emma Honore                  	15	 7	402	62.434	412	 83.745	385	 86.309	421	5.533	403	 8.96	278	 2.074	512358	337281	 273251
R4	TAMCC	Kateryna Rublevska           	 4	 0	489	54.295	486	 78.951	499	 80.429	   	     	443	 8.59	347	 1.771	562423	      	 274870
R4	TAMCC	Jordan Ortega                	 4	 0	496	53.903	477	 79.733	493	 80.750	484	4.891	   	     	347	 1.771	512356	337285	1973102
R4	UIC  	Lucie Prochazkova            	15	 2	322	68.087	368	 85.328	396	 86.029	352	6.015	439	 8.64	147	 3.175	491968	338008	  74576
R4	UIC  	Ana Jover                    	16	 4	365	64.851	413	 83.701	426	 84.556	398	5.708	428	 8.74	179	 2.787	565633	338009	1891188
R4	UIC  	Georgia Gulin                	15	 3	400	62.514	462	 81.056	470	 82.279	414	5.598	460	 8.41	179	 2.787	491970	338012	2671565
R4	UIC  	Nell Arendt                  	12	 3	405	62.177	470	 80.518	488	 81.155	474	4.998	445	 8.57	160	 3.010	491966	338441	 246666
R4	UIC  	Agnes Gustafsson             	13	 8	428	60.154	423	 83.417	387	 86.250	439	5.413	416	 8.85	336	 1.824	565637	338007	 244323
R4	UIC  	Tamara Malazonia             	 9	12	451	57.676	424	 83.375	372	 86.780	466	5.093	454	 8.49	   	      	565635	338006	 219271
R4	UIC  	Tuva Wallin                  	 6	 5	528	51.142	512	 77.068	508	 79.917	526	3.728	500	 7.63	   	      	565636	338011	 277488
R4	UIC  	Marina Hermanny De Figueiredo	 2	 0	540	50.651	501	 77.995	523	 78.824	   	     	513	 7.19	   	      	516203	      	 238433
R4	VCU  	Paola Delgado                	16	 3	 64	93.020	 41	 94.678	 54	 94.796	 98	7.482	 83	10.43	 92	 5.711	401582	337452	1712174
R4	VCU  	Luminita Tutunaru            	 7	12	349	65.562	330	 86.463	286	 88.709	366	5.911	369	 9.17	380	 1.604	511009	337724	1711882
R4	VCU  	Noumea Witmus                	13	 6	378	63.996	390	 84.593	411	 85.481	342	6.059	390	 9.05	283	 2.034	464381	337460	 103511
R4	VCU  	Alessia Ciuca                	10	12	381	63.860	361	 85.554	341	 87.507	361	5.944	378	 9.12	367	 1.681	564693	337455	2634239
R4	VCU  	Gabriela Davidescu           	10	 9	409	61.847	378	 84.979	390	 86.160	390	5.760	378	 9.12	372	 1.640	511010	337456	 218269
R4	VCU  	Shivani Manjanna             	11	 7	447	58.775	438	 82.635	448	 83.701	418	5.565	422	 8.81	344	 1.775	524777	337462	 125173
R4	VCU  	Kanako Yano                  	 0	 3	478	55.471	459	 81.105	452	 83.451	489	4.849	424	 8.79	   	      	465332	337459	  86298
R4	VCU  	Lara Van Der Merwe           	 2	 1	487	54.513	465	 80.907	482	 81.762	   	     	399	 9.00	   	      	564694	      	2096028
  	IOWA 	Alexa Noel                   	23	 0	  6	99.574	  5	 99.292	  2	 99.923	  1	9.419	 10	10.93	 14	28.800	564451	337750	  96507
  	MIZZ 	Bronte Murgett               	16	 7	 66	92.797	 81	 92.803	 70	 93.999	 97	7.490	 75	10.46	 47	13.037	526971	336940	 219074
  	ORE  	Janice Tjen                  	18	 3	 17	97.953	 11	 96.810	 10	 97.817	 48	7.884	 40	10.70	 17	26.287	565743	337962	 229187
  	UMD  	Ayana Akli                   	15	 3	  8	98.690	  8	 97.354	  7	 98.239	 10	8.505	 15	10.89	 46	13.220	514025	338332	 130782
  	WASH 	Vanessa Wong                 	18	 4	 29	97.021	 25	 95.397	 17	 97.113	 59	7.797	 39	10.74	 24	21.937	464666	338013	  83224
